<?xml version="1.0" encoding="UTF-8"?>
<document type="com.apple.InterfaceBuilder3.CocoaTouch.Storyboard.XIB" version="3.0" toolsVersion="13771" targetRuntime="iOS.CocoaTouch" propertyAccessControl="none" useAutolayout="YES" useTraitCollections="YES" useSafeAreas="YES" colorMatched="YES" initialViewController="BYZ-38-t0r">
    <device id="retina5_9" orientation="portrait">
        <adaptation id="fullscreen"/>
    </device>
    <dependencies>
        <deployment identifier="iOS"/>
        <plugIn identifier="com.apple.InterfaceBuilder.IBCocoaTouchPlugin" version="13772"/>
        <capability name="Safe area layout guides" minToolsVersion="9.0"/>
        <capability name="documents saved in the Xcode 8 format" minToolsVersion="8.0"/>
    </dependencies>
    <customFonts key="customFonts">
        <array key="Optima.ttc">
            <string>Optima-Regular</string>
        </array>
        <array key="Palatino.ttc">
            <string>Palatino-Roman</string>
        </array>
    </customFonts>
    <scenes>
        <!--View Controller-->
        <scene sceneID="tne-QT-ifu">
            <objects>
                <viewController id="BYZ-38-t0r" customClass="ViewController" customModule="TableView" customModuleProvider="target" sceneMemberID="viewController">
                    <view key="view" contentMode="scaleToFill" id="8bC-Xf-vdC">
                        <rect key="frame" x="0.0" y="0.0" width="375" height="812"/>
                        <autoresizingMask key="autoresizingMask" widthSizable="YES" heightSizable="YES"/>
                        <subviews>
                            <label opaque="NO" userInteractionEnabled="NO" contentMode="left" horizontalHuggingPriority="251" verticalHuggingPriority="251" fixedFrame="YES" text="Language List" textAlignment="center" lineBreakMode="tailTruncation" baselineAdjustment="alignBaselines" adjustsFontSizeToFit="NO" translatesAutoresizingMaskIntoConstraints="NO" id="gsW-me-9GU">
                                <rect key="frame" x="0.0" y="44" width="375" height="44"/>
                                <autoresizingMask key="autoresizingMask" flexibleMaxX="YES" flexibleMaxY="YES"/>
                                <fontDescription key="fontDescription" name="Palatino-Roman" family="Palatino" pointSize="25"/>
                                <nil key="textColor"/>
                                <nil key="highlightedColor"/>
                            </label>
                            <tableView clipsSubviews="YES" contentMode="scaleToFill" fixedFrame="YES" alwaysBounceVertical="YES" dataMode="prototypes" style="plain" separatorStyle="default" rowHeight="-1" estimatedRowHeight="-1" sectionHeaderHeight="28" sectionFooterHeight="28" translatesAutoresizingMaskIntoConstraints="NO" id="JJE-z4-u1T">
                                <rect key="frame" x="16" y="96" width="343" height="682"/>
                                <autoresizingMask key="autoresizingMask" flexibleMaxX="YES" flexibleMaxY="YES"/>
                                <color key="backgroundColor" white="1" alpha="1" colorSpace="custom" customColorSpace="genericGamma22GrayColorSpace"/>
                                <prototypes>
                                    <tableViewCell clipsSubviews="YES" contentMode="scaleToFill" preservesSuperviewLayoutMargins="YES" selectionStyle="default" indentationWidth="10" reuseIdentifier="myCell" rowHeight="112" id="YeR-ca-6m7" customClass="myTableViewCell" customModule="TableView" customModuleProvider="target">
                                        <rect key="frame" x="0.0" y="28" width="343" height="112"/>
                                        <autoresizingMask key="autoresizingMask"/>
                                        <tableViewCellContentView key="contentView" opaque="NO" clipsSubviews="YES" multipleTouchEnabled="YES" contentMode="center" preservesSuperviewLayoutMargins="YES" insetsLayoutMarginsFromSafeArea="NO" tableViewCell="YeR-ca-6m7" id="XQh-Hl-Uho">
                                            <rect key="frame" x="0.0" y="0.0" width="343" height="111.66666666666667"/>
                                            <autoresizingMask key="autoresizingMask"/>
                                            <subviews>
                                                <imageView userInteractionEnabled="NO" contentMode="scaleToFill" horizontalHuggingPriority="251" verticalHuggingPriority="251" translatesAutoresizingMaskIntoConstraints="NO" id="bYA-L7-aAe">
                                                    <rect key="frame" x="5" y="5.3333333333333357" width="100" height="100"/>
                                                    <constraints>
                                                        <constraint firstAttribute="width" constant="100" id="Idw-dT-FSF"/>
                                                        <constraint firstAttribute="height" constant="100" id="iGz-jv-gzk"/>
                                                    </constraints>
                                                </imageView>
                                                <label opaque="NO" userInteractionEnabled="NO" contentMode="left" horizontalHuggingPriority="251" verticalHuggingPriority="251" misplaced="YES" text="Title" lineBreakMode="tailTruncation" baselineAdjustment="alignBaselines" adjustsFontSizeToFit="NO" translatesAutoresizingMaskIntoConstraints="NO" id="Mjj-u4-Bsh">
                                                    <rect key="frame" x="110" y="5" width="218" height="46"/>
                                                    <fontDescription key="fontDescription" name="Optima-Regular" family="Optima" pointSize="20"/>
                                                    <nil key="textColor"/>
                                                    <nil key="highlightedColor"/>
                                                </label>
                                                <label opaque="NO" userInteractionEnabled="NO" contentMode="left" horizontalHuggingPriority="251" verticalHuggingPriority="251" misplaced="YES" text="Subtitle" lineBreakMode="tailTruncation" baselineAdjustment="alignBaselines" adjustsFontSizeToFit="NO" translatesAutoresizingMaskIntoConstraints="NO" id="Z4O-hr-Uvh">
                                                    <rect key="frame" x="110" y="59" width="218" height="49"/>
                                                    <fontDescription key="fontDescription" name="Optima-Regular" family="Optima" pointSize="20"/>
                                                    <color key="textColor" red="0.83529411760000005" green="0.83529411760000005" blue="0.83529411760000005" alpha="1" colorSpace="custom" customColorSpace="sRGB"/>
                                                    <nil key="highlightedColor"/>
                                                </label>
                                            </subviews>
                                            <constraints>
                                                <constraint firstAttribute="trailing" secondItem="Mjj-u4-Bsh" secondAttribute="trailing" constant="15" id="1kd-SS-B53"/>
                                                <constraint firstAttribute="trailing" secondItem="Z4O-hr-Uvh" secondAttribute="trailing" constant="15" id="63b-Mg-oh7"/>
                                                <constraint firstAttribute="bottom" secondItem="bYA-L7-aAe" secondAttribute="bottom" constant="5" id="6kR-SA-p1K"/>
                                                <constraint firstItem="Z4O-hr-Uvh" firstAttribute="top" secondItem="Mjj-u4-Bsh" secondAttribute="bottom" constant="2" id="9lY-7w-OCG"/>
                                                <constraint firstItem="Mjj-u4-Bsh" firstAttribute="leading" secondItem="bYA-L7-aAe" secondAttribute="trailing" constant="5" id="AmZ-xT-Lcp"/>
                                                <constraint firstItem="Z4O-hr-Uvh" firstAttribute="top" secondItem="Mjj-u4-Bsh" secondAttribute="bottom" constant="55" id="EHh-bd-HOW"/>
                                                <constraint firstItem="bYA-L7-aAe" firstAttribute="top" secondItem="XQh-Hl-Uho" secondAttribute="top" constant="5" id="O5A-Yc-Iuz"/>
                                                <constraint firstAttribute="bottom" secondItem="Z4O-hr-Uvh" secondAttribute="bottom" constant="4.6699999999999999" id="TIt-nH-pod"/>
                                                <constraint firstItem="Mjj-u4-Bsh" firstAttribute="leading" secondItem="bYA-L7-aAe" secondAttribute="trailing" constant="5" id="XZv-yC-mg3"/>
                                                <constraint firstItem="bYA-L7-aAe" firstAttribute="leading" secondItem="XQh-Hl-Uho" secondAttribute="leading" constant="5" id="ffK-X8-kIq"/>
                                                <constraint firstItem="Mjj-u4-Bsh" firstAttribute="top" secondItem="XQh-Hl-Uho" secondAttribute="top" constant="5" id="ik8-zd-qQ1"/>
                                                <constraint firstItem="Z4O-hr-Uvh" firstAttribute="leading" secondItem="bYA-L7-aAe" secondAttribute="trailing" constant="5" id="jqI-os-ADf"/>
                                            </constraints>
                                        </tableViewCellContentView>
                                        <connections>
                                            <outlet property="myimage" destination="bYA-L7-aAe" id="hDH-VM-ezh"/>
                                            <outlet property="mysubtitle" destination="Z4O-hr-Uvh" id="6vB-au-naU"/>
                                            <outlet property="mytitle" destination="Mjj-u4-Bsh" id="tws-MC-4Jo"/>
                                        </connections>
                                    </tableViewCell>
                                </prototypes>
                                <connections>
                                    <outlet property="dataSource" destination="BYZ-38-t0r" id="bX0-ZW-YQB"/>
                                    <outlet property="delegate" destination="BYZ-38-t0r" id="za6-oe-5ln"/>
                                </connections>
                            </tableView>
                        </subviews>
                        <color key="backgroundColor" red="1" green="1" blue="1" alpha="1" colorSpace="custom" customColorSpace="sRGB"/>
                        <viewLayoutGuide key="safeArea" id="6Tk-OE-BBY"/>
                    </view>
                </viewController>
                <placeholder placeholderIdentifier="IBFirstResponder" id="dkx-z0-nzr" sceneMemberID="firstResponder"/>
            </objects>
            <point key="canvasLocation" x="-18.399999999999999" y="71.674876847290648"/>
        </scene>
    </scenes>
</document>
