<?xml version="1.0" encoding="UTF-8"?>
<document type="com.apple.InterfaceBuilder3.CocoaTouch.Storyboard.XIB" version="3.0" toolsVersion="13771" targetRuntime="iOS.CocoaTouch" propertyAccessControl="none" useAutolayout="YES" useTraitCollections="YES" useSafeAreas="YES" colorMatched="YES" initialViewController="oGC-I6-SuQ">
    <device id="retina4_7" orientation="portrait">
        <adaptation id="fullscreen"/>
    </device>
    <dependencies>
        <deployment identifier="iOS"/>
        <plugIn identifier="com.apple.InterfaceBuilder.IBCocoaTouchPlugin" version="13772"/>
        <capability name="Safe area layout guides" minToolsVersion="9.0"/>
        <capability name="documents saved in the Xcode 8 format" minToolsVersion="8.0"/>
    </dependencies>
    <scenes>
        <!--Tab Bar Controller-->
        <scene sceneID="oJ5-Jc-57T">
            <objects>
                <tabBarController id="oGC-I6-SuQ" sceneMemberID="viewController">
                    <tabBar key="tabBar" userInteractionEnabled="NO" contentMode="scaleToFill" insetsLayoutMarginsFromSafeArea="NO" id="FFl-wt-knA">
                        <rect key="frame" x="0.0" y="0.0" width="375" height="49"/>
                        <autoresizingMask key="autoresizingMask"/>
                        <color key="backgroundColor" white="0.0" alpha="0.0" colorSpace="custom" customColorSpace="genericGamma22GrayColorSpace"/>
                    </tabBar>
                    <connections>
                        <segue destination="DBc-Ey-5F4" kind="relationship" relationship="viewControllers" id="Qm7-01-mKf"/>
                        <segue destination="Zgm-KK-j2R" kind="relationship" relationship="viewControllers" id="ewA-oy-3TH"/>
                        <segue destination="rjs-Cr-P7U" kind="relationship" relationship="viewControllers" id="OyP-fO-Mut"/>
                        <segue destination="qwA-MW-yvd" kind="relationship" relationship="viewControllers" id="qfA-fM-ACp"/>
                    </connections>
                </tabBarController>
                <placeholder placeholderIdentifier="IBFirstResponder" id="aW7-Zb-sNg" userLabel="First Responder" sceneMemberID="firstResponder"/>
            </objects>
            <point key="canvasLocation" x="-871" y="35"/>
        </scene>
        <!--View Controller-->
        <scene sceneID="c73-QN-ERg">
            <objects>
                <viewController id="X5D-er-QwQ" sceneMemberID="viewController">
                    <view key="view" contentMode="scaleToFill" id="P1F-6a-bpQ">
                        <rect key="frame" x="0.0" y="0.0" width="375" height="667"/>
                        <autoresizingMask key="autoresizingMask" widthSizable="YES" heightSizable="YES"/>
                        <color key="backgroundColor" white="1" alpha="1" colorSpace="custom" customColorSpace="genericGamma22GrayColorSpace"/>
                        <viewLayoutGuide key="safeArea" id="LPx-eD-v7D"/>
                    </view>
                    <navigationItem key="navigationItem" id="ZSL-sa-6Hu"/>
                </viewController>
                <placeholder placeholderIdentifier="IBFirstResponder" id="Clz-IB-WIr" userLabel="First Responder" sceneMemberID="firstResponder"/>
            </objects>
            <point key="canvasLocation" x="222" y="1473"/>
        </scene>
        <!--View Controller-->
        <scene sceneID="muV-vf-Vmy">
            <objects>
                <viewController id="YrA-r3-IHW" sceneMemberID="viewController">
                    <view key="view" contentMode="scaleToFill" id="jQA-Wz-604">
                        <rect key="frame" x="0.0" y="0.0" width="375" height="667"/>
                        <autoresizingMask key="autoresizingMask" widthSizable="YES" heightSizable="YES"/>
                        <color key="backgroundColor" red="0.83529411760000005" green="0.83529411760000005" blue="0.83529411760000005" alpha="1" colorSpace="custom" customColorSpace="sRGB"/>
                        <viewLayoutGuide key="safeArea" id="t7Z-ZR-Iw3"/>
                    </view>
                    <navigationItem key="navigationItem" id="ec6-S6-Tdh"/>
                </viewController>
                <placeholder placeholderIdentifier="IBFirstResponder" id="dlf-25-MZj" userLabel="First Responder" sceneMemberID="firstResponder"/>
            </objects>
            <point key="canvasLocation" x="1743" y="575"/>
        </scene>
        <!--View Controller-->
        <scene sceneID="Hgn-ak-ixQ">
            <objects>
                <viewController id="PFz-qr-ZQB" sceneMemberID="viewController">
                    <view key="view" contentMode="scaleToFill" id="C2V-2h-bdI">
                        <rect key="frame" x="0.0" y="0.0" width="375" height="667"/>
                        <autoresizingMask key="autoresizingMask" widthSizable="YES" heightSizable="YES"/>
                        <subviews>
                            <button opaque="NO" contentMode="scaleToFill" fixedFrame="YES" contentHorizontalAlignment="center" contentVerticalAlignment="center" buttonType="roundedRect" lineBreakMode="middleTruncation" translatesAutoresizingMaskIntoConstraints="NO" id="sVe-2u-pYA">
                                <rect key="frame" x="110" y="444" width="155" height="92"/>
                                <autoresizingMask key="autoresizingMask" flexibleMaxX="YES" flexibleMaxY="YES"/>
                                <state key="normal" title="Go to next page"/>
                                <connections>
                                    <segue destination="hQt-x4-Gky" kind="show" id="cLt-MM-avh"/>
                                </connections>
                            </button>
                        </subviews>
                        <color key="backgroundColor" white="1" alpha="1" colorSpace="custom" customColorSpace="genericGamma22GrayColorSpace"/>
                        <viewLayoutGuide key="safeArea" id="75W-HO-dQM"/>
                    </view>
                    <navigationItem key="navigationItem" id="Gi9-jA-Tau"/>
                </viewController>
                <placeholder placeholderIdentifier="IBFirstResponder" id="BQl-gL-esG" userLabel="First Responder" sceneMemberID="firstResponder"/>
            </objects>
            <point key="canvasLocation" x="221.59999999999999" y="-1045.7271364317842"/>
        </scene>
        <!--Log Page-->
        <scene sceneID="sPC-zU-5vh">
            <objects>
                <viewController id="hQt-x4-Gky" customClass="LogPage" customModule="TabNavigationdk" customModuleProvider="target" sceneMemberID="viewController">
                    <view key="view" contentMode="scaleToFill" id="SKI-3f-gZs" customClass="LoginPage" customModule="TabNavigationdk" customModuleProvider="target">
                        <rect key="frame" x="0.0" y="0.0" width="375" height="667"/>
                        <autoresizingMask key="autoresizingMask" widthSizable="YES" heightSizable="YES"/>
                        <subviews>
                            <textField opaque="NO" contentMode="scaleToFill" fixedFrame="YES" contentHorizontalAlignment="left" contentVerticalAlignment="center" borderStyle="roundedRect" placeholder="Enter UserName" textAlignment="natural" minimumFontSize="17" translatesAutoresizingMaskIntoConstraints="NO" id="bpT-pM-5XK">
                                <rect key="frame" x="77" y="113" width="248" height="30"/>
                                <autoresizingMask key="autoresizingMask" flexibleMaxX="YES" flexibleMaxY="YES"/>
                                <nil key="textColor"/>
                                <fontDescription key="fontDescription" type="system" pointSize="14"/>
                                <textInputTraits key="textInputTraits"/>
                            </textField>
                            <textField opaque="NO" contentMode="scaleToFill" fixedFrame="YES" contentHorizontalAlignment="left" contentVerticalAlignment="center" borderStyle="roundedRect" placeholder="Enter Password" textAlignment="natural" minimumFontSize="17" translatesAutoresizingMaskIntoConstraints="NO" id="Ugi-KR-ynz">
                                <rect key="frame" x="77" y="198" width="248" height="30"/>
                                <autoresizingMask key="autoresizingMask" flexibleMaxX="YES" flexibleMaxY="YES"/>
                                <nil key="textColor"/>
                                <fontDescription key="fontDescription" type="system" pointSize="14"/>
                                <textInputTraits key="textInputTraits"/>
                            </textField>
                            <button opaque="NO" contentMode="scaleToFill" fixedFrame="YES" contentHorizontalAlignment="center" contentVerticalAlignment="center" buttonType="roundedRect" lineBreakMode="middleTruncation" translatesAutoresizingMaskIntoConstraints="NO" id="UQ4-No-TPy">
                                <rect key="frame" x="134" y="490" width="106" height="30"/>
                                <autoresizingMask key="autoresizingMask" flexibleMaxX="YES" flexibleMaxY="YES"/>
                                <state key="normal" title="Submit"/>
                                <connections>
                                    <action selector="Submit:" destination="SKI-3f-gZs" eventType="touchUpInside" id="Ish-S4-ysP"/>
                                    <action selector="Submit:" destination="hQt-x4-Gky" eventType="touchUpInside" id="WqG-Xm-4mb"/>
                                    <segue destination="YrA-r3-IHW" kind="presentation" identifier="myBridge" id="W3r-vc-fKQ"/>
                                </connections>
                            </button>
                        </subviews>
                        <color key="backgroundColor" white="1" alpha="1" colorSpace="custom" customColorSpace="genericGamma22GrayColorSpace"/>
                        <viewLayoutGuide key="safeArea" id="Fbp-aK-WEC"/>
                        <connections>
                            <outlet property="password" destination="Ugi-KR-ynz" id="lKw-5e-85n"/>
                            <outlet property="uname" destination="bpT-pM-5XK" id="7cf-xk-clK"/>
                        </connections>
                    </view>
                    <navigationItem key="navigationItem" id="Wp2-XB-G5c"/>
                    <connections>
                        <outlet property="Password" destination="Ugi-KR-ynz" id="MDD-g3-bbP"/>
                        <outlet property="uname" destination="bpT-pM-5XK" id="i5p-x5-I46"/>
                    </connections>
                </viewController>
                <placeholder placeholderIdentifier="IBFirstResponder" id="RVh-Gg-8iX" userLabel="First Responder" sceneMemberID="firstResponder"/>
            </objects>
            <point key="canvasLocation" x="1794" y="-286"/>
        </scene>
        <!--Item-->
        <scene sceneID="lmV-MV-6gS">
            <objects>
                <navigationController id="jzI-kg-dzN" sceneMemberID="viewController">
                    <tabBarItem key="tabBarItem" title="Item" id="slf-zR-uXP"/>
                    <navigationBar key="navigationBar" contentMode="scaleToFill" insetsLayoutMarginsFromSafeArea="NO" id="XhB-fu-Sa1">
                        <rect key="frame" x="0.0" y="20" width="375" height="44"/>
                        <autoresizingMask key="autoresizingMask"/>
                    </navigationBar>
                </navigationController>
                <placeholder placeholderIdentifier="IBFirstResponder" id="wXz-eP-Lyi" userLabel="First Responder" sceneMemberID="firstResponder"/>
            </objects>
            <point key="canvasLocation" x="222" y="-275"/>
        </scene>
        <!--Item-->
        <scene sceneID="mlw-aM-Jhf">
            <objects>
                <navigationController id="beO-Ic-Kfb" sceneMemberID="viewController">
                    <tabBarItem key="tabBarItem" title="Item" id="qnX-it-ceY"/>
                    <navigationBar key="navigationBar" contentMode="scaleToFill" insetsLayoutMarginsFromSafeArea="NO" id="ylM-5j-OZU">
                        <rect key="frame" x="0.0" y="20" width="375" height="44"/>
                        <autoresizingMask key="autoresizingMask"/>
                    </navigationBar>
                </navigationController>
                <placeholder placeholderIdentifier="IBFirstResponder" id="ZTL-bZ-OLx" userLabel="First Responder" sceneMemberID="firstResponder"/>
            </objects>
            <point key="canvasLocation" x="222" y="-275"/>
        </scene>
        <!--Item-->
        <scene sceneID="GJJ-ig-Iux">
            <objects>
                <navigationController id="WmT-eP-Dnl" sceneMemberID="viewController">
                    <tabBarItem key="tabBarItem" title="Item" id="216-Cy-YsQ"/>
                    <navigationBar key="navigationBar" contentMode="scaleToFill" insetsLayoutMarginsFromSafeArea="NO" id="ffZ-WY-jOW">
                        <rect key="frame" x="0.0" y="20" width="375" height="44"/>
                        <autoresizingMask key="autoresizingMask"/>
                    </navigationBar>
                </navigationController>
                <placeholder placeholderIdentifier="IBFirstResponder" id="eD3-t3-Ohs" userLabel="First Responder" sceneMemberID="firstResponder"/>
            </objects>
            <point key="canvasLocation" x="222" y="-275"/>
        </scene>
        <!--Item-->
        <scene sceneID="50G-63-Ogy">
            <objects>
                <navigationController id="DBc-Ey-5F4" sceneMemberID="viewController">
                    <tabBarItem key="tabBarItem" title="Item" id="Ego-ys-CWX"/>
                    <navigationBar key="navigationBar" contentMode="scaleToFill" insetsLayoutMarginsFromSafeArea="NO" id="Uyi-tb-a10">
                        <rect key="frame" x="0.0" y="20" width="375" height="44"/>
                        <autoresizingMask key="autoresizingMask"/>
                    </navigationBar>
                    <connections>
                        <segue destination="PFz-qr-ZQB" kind="relationship" relationship="rootViewController" id="UTC-ah-wPw"/>
                    </connections>
                </navigationController>
                <placeholder placeholderIdentifier="IBFirstResponder" id="0l2-zv-dLh" userLabel="First Responder" sceneMemberID="firstResponder"/>
            </objects>
            <point key="canvasLocation" x="222" y="-275"/>
        </scene>
        <!--Item-->
        <scene sceneID="l1G-Hp-cpW">
            <objects>
                <navigationController id="qwA-MW-yvd" sceneMemberID="viewController">
                    <tabBarItem key="tabBarItem" title="Item" id="ejj-zz-xx4"/>
                    <navigationBar key="navigationBar" contentMode="scaleToFill" insetsLayoutMarginsFromSafeArea="NO" id="t6D-Pl-Al2">
                        <rect key="frame" x="0.0" y="20" width="375" height="44"/>
                        <autoresizingMask key="autoresizingMask"/>
                    </navigationBar>
                    <connections>
                        <segue destination="YrA-r3-IHW" kind="relationship" relationship="rootViewController" id="W5W-Yb-9AS"/>
                    </connections>
                </navigationController>
                <placeholder placeholderIdentifier="IBFirstResponder" id="ri1-lw-Hvn" userLabel="First Responder" sceneMemberID="firstResponder"/>
            </objects>
            <point key="canvasLocation" x="1031" y="576"/>
        </scene>
        <!--Item-->
        <scene sceneID="0uO-d1-NUf">
            <objects>
                <navigationController id="UD6-ad-MDM" sceneMemberID="viewController">
                    <tabBarItem key="tabBarItem" title="Item" id="vYG-F0-CB0"/>
                    <navigationBar key="navigationBar" contentMode="scaleToFill" insetsLayoutMarginsFromSafeArea="NO" id="wEe-t3-TAA">
                        <rect key="frame" x="0.0" y="20" width="375" height="44"/>
                        <autoresizingMask key="autoresizingMask"/>
                    </navigationBar>
                </navigationController>
                <placeholder placeholderIdentifier="IBFirstResponder" id="KW1-rM-m8e" userLabel="First Responder" sceneMemberID="firstResponder"/>
            </objects>
            <point key="canvasLocation" x="1049" y="-276"/>
        </scene>
        <!--Item-->
        <scene sceneID="y5W-xh-RTS">
            <objects>
                <navigationController id="V2u-if-EyL" sceneMemberID="viewController">
                    <tabBarItem key="tabBarItem" title="Item" id="IYR-Zj-Byy"/>
                    <navigationBar key="navigationBar" contentMode="scaleToFill" insetsLayoutMarginsFromSafeArea="NO" id="lhq-Qd-djj">
                        <rect key="frame" x="0.0" y="20" width="375" height="44"/>
                        <autoresizingMask key="autoresizingMask"/>
                    </navigationBar>
                </navigationController>
                <placeholder placeholderIdentifier="IBFirstResponder" id="QMz-A5-pwD" userLabel="First Responder" sceneMemberID="firstResponder"/>
            </objects>
            <point key="canvasLocation" x="1049" y="-276"/>
        </scene>
        <!--Item-->
        <scene sceneID="DyD-Es-Dv2">
            <objects>
                <navigationController id="dAE-bq-hLl" sceneMemberID="viewController">
                    <tabBarItem key="tabBarItem" title="Item" id="7w0-Yv-bQF"/>
                    <navigationBar key="navigationBar" contentMode="scaleToFill" insetsLayoutMarginsFromSafeArea="NO" id="dZ5-Tg-kMH">
                        <rect key="frame" x="0.0" y="20" width="375" height="44"/>
                        <autoresizingMask key="autoresizingMask"/>
                    </navigationBar>
                </navigationController>
                <placeholder placeholderIdentifier="IBFirstResponder" id="Jfo-56-HfT" userLabel="First Responder" sceneMemberID="firstResponder"/>
            </objects>
            <point key="canvasLocation" x="1049" y="-276"/>
        </scene>
        <!--Item-->
        <scene sceneID="hne-6X-ig3">
            <objects>
                <navigationController id="s9j-1O-5SQ" sceneMemberID="viewController">
                    <tabBarItem key="tabBarItem" title="Item" id="ojV-W0-oDM"/>
                    <navigationBar key="navigationBar" contentMode="scaleToFill" insetsLayoutMarginsFromSafeArea="NO" id="rvU-pU-W8E">
                        <rect key="frame" x="0.0" y="20" width="375" height="44"/>
                        <autoresizingMask key="autoresizingMask"/>
                    </navigationBar>
                </navigationController>
                <placeholder placeholderIdentifier="IBFirstResponder" id="Z7z-Xg-gTY" userLabel="First Responder" sceneMemberID="firstResponder"/>
            </objects>
            <point key="canvasLocation" x="1049" y="-276"/>
        </scene>
        <!--Item-->
        <scene sceneID="36b-U0-YVu">
            <objects>
                <navigationController id="Zgm-KK-j2R" sceneMemberID="viewController">
                    <tabBarItem key="tabBarItem" title="Item" id="7c8-KN-qA0"/>
                    <navigationBar key="navigationBar" contentMode="scaleToFill" insetsLayoutMarginsFromSafeArea="NO" id="9Tc-QP-Ik1">
                        <rect key="frame" x="0.0" y="20" width="375" height="44"/>
                        <autoresizingMask key="autoresizingMask"/>
                    </navigationBar>
                    <connections>
                        <segue destination="hQt-x4-Gky" kind="relationship" relationship="rootViewController" id="ZEc-mp-QZY"/>
                    </connections>
                </navigationController>
                <placeholder placeholderIdentifier="IBFirstResponder" id="2z1-pE-Xjf" userLabel="First Responder" sceneMemberID="firstResponder"/>
            </objects>
            <point key="canvasLocation" x="1049" y="-276"/>
        </scene>
        <!--Item-->
        <scene sceneID="87R-xD-cxf">
            <objects>
                <navigationController id="rjs-Cr-P7U" sceneMemberID="viewController">
                    <tabBarItem key="tabBarItem" title="Item" id="SnW-vl-1uw"/>
                    <navigationBar key="navigationBar" contentMode="scaleToFill" insetsLayoutMarginsFromSafeArea="NO" id="kyJ-Fi-Nu5">
                        <rect key="frame" x="0.0" y="20" width="375" height="44"/>
                        <autoresizingMask key="autoresizingMask"/>
                    </navigationBar>
                    <connections>
                        <segue destination="X5D-er-QwQ" kind="relationship" relationship="rootViewController" id="XBa-s9-jTY"/>
                    </connections>
                </navigationController>
                <placeholder placeholderIdentifier="IBFirstResponder" id="1dy-OT-4JT" userLabel="First Responder" sceneMemberID="firstResponder"/>
            </objects>
            <point key="canvasLocation" x="222" y="586"/>
        </scene>
    </scenes>
    <inferredMetricsTieBreakers>
        <segue reference="ZEc-mp-QZY"/>
        <segue reference="W3r-vc-fKQ"/>
    </inferredMetricsTieBreakers>
</document>
