<?xml version="1.0" encoding="UTF-8"?>
<document type="com.apple.InterfaceBuilder3.CocoaTouch.Storyboard.XIB" version="3.0" toolsVersion="13771" targetRuntime="iOS.CocoaTouch" propertyAccessControl="none" useAutolayout="YES" useTraitCollections="YES" useSafeAreas="YES" colorMatched="YES" initialViewController="pu5-ES-LKg">
    <device id="retina4_7" orientation="portrait">
        <adaptation id="fullscreen"/>
    </device>
    <dependencies>
        <deployment identifier="iOS"/>
        <plugIn identifier="com.apple.InterfaceBuilder.IBCocoaTouchPlugin" version="13772"/>
        <capability name="Safe area layout guides" minToolsVersion="9.0"/>
        <capability name="documents saved in the Xcode 8 format" minToolsVersion="8.0"/>
    </dependencies>
    <scenes>
        <!--HOME-->
        <scene sceneID="aZ8-KG-B5h">
            <objects>
                <viewController id="AH1-IK-A5p" sceneMemberID="viewController">
                    <view key="view" contentMode="scaleToFill" id="VrS-oI-9GT">
                        <rect key="frame" x="0.0" y="0.0" width="375" height="667"/>
                        <autoresizingMask key="autoresizingMask" widthSizable="YES" heightSizable="YES"/>
                        <color key="backgroundColor" red="0.99942404029999998" green="0.91812956879999996" blue="0.44637400170000002" alpha="1" colorSpace="custom" customColorSpace="sRGB"/>
                        <viewLayoutGuide key="safeArea" id="iJk-Sl-yfY"/>
                    </view>
                    <navigationItem key="navigationItem" title="HOME" id="Kni-aG-xwR"/>
                </viewController>
                <placeholder placeholderIdentifier="IBFirstResponder" id="Jwo-zs-7WV" userLabel="First Responder" sceneMemberID="firstResponder"/>
            </objects>
            <point key="canvasLocation" x="-343" y="-1353"/>
        </scene>
        <!--GROUPS-->
        <scene sceneID="9ug-Ov-SEh">
            <objects>
                <viewController id="oGl-9M-KYJ" sceneMemberID="viewController">
                    <view key="view" contentMode="scaleToFill" id="bRf-BY-kzT">
                        <rect key="frame" x="0.0" y="0.0" width="375" height="667"/>
                        <autoresizingMask key="autoresizingMask" widthSizable="YES" heightSizable="YES"/>
                        <color key="backgroundColor" red="0.0" green="0.97607134650000005" blue="1" alpha="1" colorSpace="custom" customColorSpace="sRGB"/>
                        <color key="tintColor" red="0.46202266219999999" green="0.83828371759999998" blue="1" alpha="1" colorSpace="custom" customColorSpace="sRGB"/>
                        <viewLayoutGuide key="safeArea" id="za1-b1-5Ld"/>
                    </view>
                    <navigationItem key="navigationItem" title="GROUPS" id="Zvy-FX-eJh"/>
                </viewController>
                <placeholder placeholderIdentifier="IBFirstResponder" id="oKr-DB-PSV" userLabel="First Responder" sceneMemberID="firstResponder"/>
            </objects>
            <point key="canvasLocation" x="553" y="-1344"/>
        </scene>
        <!--Navigation Controller-->
        <scene sceneID="Hth-nd-PCe">
            <objects>
                <navigationController id="MkK-Fa-Fkq" sceneMemberID="viewController">
                    <navigationBar key="navigationBar" contentMode="scaleToFill" insetsLayoutMarginsFromSafeArea="NO" id="zjK-MV-dXv">
                        <rect key="frame" x="0.0" y="20" width="375" height="44"/>
                        <autoresizingMask key="autoresizingMask"/>
                    </navigationBar>
                </navigationController>
                <placeholder placeholderIdentifier="IBFirstResponder" id="YBq-Ga-zUG" userLabel="First Responder" sceneMemberID="firstResponder"/>
            </objects>
            <point key="canvasLocation" x="-343" y="-582"/>
        </scene>
        <!--Groups-->
        <scene sceneID="nMx-Da-WB0">
            <objects>
                <navigationController id="pm4-eN-pU9" sceneMemberID="viewController">
                    <tabBarItem key="tabBarItem" title="Groups" id="Gvl-8l-NPk"/>
                    <navigationBar key="navigationBar" contentMode="scaleToFill" insetsLayoutMarginsFromSafeArea="NO" largeTitles="YES" id="N1Q-G0-i33">
                        <rect key="frame" x="0.0" y="20" width="375" height="96"/>
                        <autoresizingMask key="autoresizingMask"/>
                    </navigationBar>
                    <connections>
                        <segue destination="oGl-9M-KYJ" kind="relationship" relationship="rootViewController" id="Ho4-vR-aH7"/>
                    </connections>
                </navigationController>
                <placeholder placeholderIdentifier="IBFirstResponder" id="FxD-oH-11b" userLabel="First Responder" sceneMemberID="firstResponder"/>
            </objects>
            <point key="canvasLocation" x="554" y="-582"/>
        </scene>
        <!--Tab Bar Controller-->
        <scene sceneID="0pk-X5-9uZ">
            <objects>
                <tabBarController id="pu5-ES-LKg" sceneMemberID="viewController">
                    <tabBar key="tabBar" contentMode="scaleToFill" insetsLayoutMarginsFromSafeArea="NO" id="Tsv-VQ-7mM">
                        <rect key="frame" x="0.0" y="0.0" width="375" height="49"/>
                        <autoresizingMask key="autoresizingMask"/>
                        <color key="backgroundColor" white="0.0" alpha="0.0" colorSpace="custom" customColorSpace="genericGamma22GrayColorSpace"/>
                    </tabBar>
                    <connections>
                        <segue destination="smc-KY-fbE" kind="relationship" relationship="viewControllers" id="hc0-jC-ZId"/>
                        <segue destination="pm4-eN-pU9" kind="relationship" relationship="viewControllers" id="4vh-WD-tZ7"/>
                        <segue destination="ajS-yO-qAq" kind="relationship" relationship="viewControllers" id="bSI-Rr-JVZ"/>
                        <segue destination="ulD-3F-Gyc" kind="relationship" relationship="viewControllers" id="CGv-Jb-3Dn"/>
                    </connections>
                </tabBarController>
                <placeholder placeholderIdentifier="IBFirstResponder" id="ie7-Ga-quv" userLabel="First Responder" sceneMemberID="firstResponder"/>
            </objects>
            <point key="canvasLocation" x="-1201" y="-165"/>
        </scene>
        <!--Watch-->
        <scene sceneID="YIk-jn-L7b">
            <objects>
                <navigationController id="ajS-yO-qAq" sceneMemberID="viewController">
                    <tabBarItem key="tabBarItem" title="Watch" id="wSr-rr-ozB"/>
                    <navigationBar key="navigationBar" contentMode="scaleToFill" insetsLayoutMarginsFromSafeArea="NO" largeTitles="YES" id="xVj-KS-jhI">
                        <rect key="frame" x="0.0" y="20" width="375" height="96"/>
                        <autoresizingMask key="autoresizingMask"/>
                    </navigationBar>
                    <connections>
                        <segue destination="KLw-aR-Vn1" kind="relationship" relationship="rootViewController" id="ePq-Jm-gs6"/>
                    </connections>
                </navigationController>
                <placeholder placeholderIdentifier="IBFirstResponder" id="n4s-Gg-Yg3" userLabel="First Responder" sceneMemberID="firstResponder"/>
            </objects>
            <point key="canvasLocation" x="-343" y="154"/>
        </scene>
        <!--WATCH-->
        <scene sceneID="FUU-rj-Vvd">
            <objects>
                <viewController id="KLw-aR-Vn1" sceneMemberID="viewController">
                    <view key="view" contentMode="scaleToFill" id="eyP-nN-mvP">
                        <rect key="frame" x="0.0" y="0.0" width="375" height="667"/>
                        <autoresizingMask key="autoresizingMask" widthSizable="YES" heightSizable="YES"/>
                        <color key="backgroundColor" red="1" green="0.57810515169999999" blue="0.0" alpha="1" colorSpace="custom" customColorSpace="sRGB"/>
                        <viewLayoutGuide key="safeArea" id="MdS-KX-Hhu"/>
                    </view>
                    <navigationItem key="navigationItem" title="WATCH" id="m7H-3F-8mM"/>
                </viewController>
                <placeholder placeholderIdentifier="IBFirstResponder" id="E3X-sW-ESP" userLabel="First Responder" sceneMemberID="firstResponder"/>
            </objects>
            <point key="canvasLocation" x="-343" y="895"/>
        </scene>
        <!--NOTIFICATIONS-->
        <scene sceneID="rEf-32-zth">
            <objects>
                <viewController id="Ohq-Qs-PL7" sceneMemberID="viewController">
                    <view key="view" contentMode="scaleToFill" id="7l9-aV-vgE">
                        <rect key="frame" x="0.0" y="0.0" width="375" height="667"/>
                        <autoresizingMask key="autoresizingMask" widthSizable="YES" heightSizable="YES"/>
                        <color key="backgroundColor" red="0.83529411760000005" green="0.83529411760000005" blue="0.83529411760000005" alpha="1" colorSpace="custom" customColorSpace="sRGB"/>
                        <viewLayoutGuide key="safeArea" id="Jpx-lI-Lx5"/>
                    </view>
                    <navigationItem key="navigationItem" title="NOTIFICATIONS" id="PVc-iJ-Rpi"/>
                </viewController>
                <placeholder placeholderIdentifier="IBFirstResponder" id="MPL-Hx-3qo" userLabel="First Responder" sceneMemberID="firstResponder"/>
            </objects>
            <point key="canvasLocation" x="553" y="895"/>
        </scene>
        <!--Notifications-->
        <scene sceneID="slI-JV-Daq">
            <objects>
                <navigationController id="ulD-3F-Gyc" sceneMemberID="viewController">
                    <tabBarItem key="tabBarItem" title="Notifications" id="GWb-ur-pZg"/>
                    <navigationBar key="navigationBar" contentMode="scaleToFill" insetsLayoutMarginsFromSafeArea="NO" largeTitles="YES" id="BUS-Ai-sXe">
                        <rect key="frame" x="0.0" y="20" width="375" height="96"/>
                        <autoresizingMask key="autoresizingMask"/>
                    </navigationBar>
                    <connections>
                        <segue destination="Ohq-Qs-PL7" kind="relationship" relationship="rootViewController" id="k2u-w0-VO0"/>
                    </connections>
                </navigationController>
                <placeholder placeholderIdentifier="IBFirstResponder" id="4Ed-qx-ZpS" userLabel="First Responder" sceneMemberID="firstResponder"/>
            </objects>
            <point key="canvasLocation" x="553" y="173"/>
        </scene>
        <!--Navigation Controller-->
        <scene sceneID="GKu-UK-bo8">
            <objects>
                <navigationController id="Pyw-G3-hVS" sceneMemberID="viewController">
                    <navigationBar key="navigationBar" contentMode="scaleToFill" insetsLayoutMarginsFromSafeArea="NO" id="c82-3n-tZE">
                        <rect key="frame" x="0.0" y="20" width="375" height="44"/>
                        <autoresizingMask key="autoresizingMask"/>
                    </navigationBar>
                </navigationController>
                <placeholder placeholderIdentifier="IBFirstResponder" id="rOh-C4-YGi" userLabel="First Responder" sceneMemberID="firstResponder"/>
            </objects>
            <point key="canvasLocation" x="-343" y="-582"/>
        </scene>
        <!--Navigation Controller-->
        <scene sceneID="GQp-Mj-Wx6">
            <objects>
                <navigationController id="h0b-cP-aC7" sceneMemberID="viewController">
                    <navigationBar key="navigationBar" contentMode="scaleToFill" insetsLayoutMarginsFromSafeArea="NO" id="Nbh-GM-TAu">
                        <rect key="frame" x="0.0" y="20" width="375" height="44"/>
                        <autoresizingMask key="autoresizingMask"/>
                    </navigationBar>
                </navigationController>
                <placeholder placeholderIdentifier="IBFirstResponder" id="5fy-qL-5fU" userLabel="First Responder" sceneMemberID="firstResponder"/>
            </objects>
            <point key="canvasLocation" x="-343" y="-582"/>
        </scene>
        <!--Navigation Controller-->
        <scene sceneID="NaE-6U-uMd">
            <objects>
                <navigationController id="Bsi-Pe-ufe" sceneMemberID="viewController">
                    <navigationBar key="navigationBar" contentMode="scaleToFill" insetsLayoutMarginsFromSafeArea="NO" id="Y6T-W4-MRZ">
                        <rect key="frame" x="0.0" y="20" width="375" height="44"/>
                        <autoresizingMask key="autoresizingMask"/>
                    </navigationBar>
                </navigationController>
                <placeholder placeholderIdentifier="IBFirstResponder" id="9O8-eH-hQI" userLabel="First Responder" sceneMemberID="firstResponder"/>
            </objects>
            <point key="canvasLocation" x="-343" y="-582"/>
        </scene>
        <!--Navigation Controller-->
        <scene sceneID="qj3-qn-BeG">
            <objects>
                <navigationController id="rmc-CM-J5e" sceneMemberID="viewController">
                    <navigationBar key="navigationBar" contentMode="scaleToFill" insetsLayoutMarginsFromSafeArea="NO" id="LbS-84-R5J">
                        <rect key="frame" x="0.0" y="20" width="375" height="44"/>
                        <autoresizingMask key="autoresizingMask"/>
                    </navigationBar>
                </navigationController>
                <placeholder placeholderIdentifier="IBFirstResponder" id="efO-f2-MQI" userLabel="First Responder" sceneMemberID="firstResponder"/>
            </objects>
            <point key="canvasLocation" x="-343" y="-582"/>
        </scene>
        <!--Home-->
        <scene sceneID="0v1-eR-YbR">
            <objects>
                <navigationController id="smc-KY-fbE" sceneMemberID="viewController">
                    <tabBarItem key="tabBarItem" title="Home" id="H9r-jY-NO4"/>
                    <navigationBar key="navigationBar" contentMode="scaleToFill" insetsLayoutMarginsFromSafeArea="NO" largeTitles="YES" id="dUF-4S-sEm">
                        <rect key="frame" x="0.0" y="20" width="375" height="96"/>
                        <autoresizingMask key="autoresizingMask"/>
                    </navigationBar>
                    <toolbar key="toolbar" opaque="NO" clearsContextBeforeDrawing="NO" contentMode="scaleToFill" insetsLayoutMarginsFromSafeArea="NO" id="Goq-Pj-cwu">
                        <autoresizingMask key="autoresizingMask"/>
                    </toolbar>
                    <connections>
                        <segue destination="AH1-IK-A5p" kind="relationship" relationship="rootViewController" id="UnM-W5-NcY"/>
                    </connections>
                </navigationController>
                <placeholder placeholderIdentifier="IBFirstResponder" id="iba-xc-bEO" userLabel="First Responder" sceneMemberID="firstResponder"/>
            </objects>
            <point key="canvasLocation" x="-343" y="-582"/>
        </scene>
    </scenes>
</document>
