<?xml version="1.0" encoding="UTF-8"?>
<document type="com.apple.InterfaceBuilder3.CocoaTouch.Storyboard.XIB" version="3.0" toolsVersion="13771" targetRuntime="iOS.CocoaTouch" propertyAccessControl="none" useAutolayout="YES" useTraitCollections="YES" useSafeAreas="YES" colorMatched="YES" initialViewController="hQV-6G-e9B">
    <device id="retina5_9" orientation="portrait">
        <adaptation id="fullscreen"/>
    </device>
    <dependencies>
        <deployment identifier="iOS"/>
        <plugIn identifier="com.apple.InterfaceBuilder.IBCocoaTouchPlugin" version="13772"/>
        <capability name="Safe area layout guides" minToolsVersion="9.0"/>
        <capability name="documents saved in the Xcode 8 format" minToolsVersion="8.0"/>
    </dependencies>
    <scenes>
        <!--Display data-->
        <scene sceneID="sEo-7U-CFB">
            <objects>
                <viewController id="iJg-3o-wYF" customClass="iViewController" customModule="databaseharsh" customModuleProvider="target" sceneMemberID="viewController">
                    <view key="view" contentMode="scaleToFill" id="fKp-qo-qkx">
                        <rect key="frame" x="0.0" y="0.0" width="375" height="812"/>
                        <autoresizingMask key="autoresizingMask" widthSizable="YES" heightSizable="YES"/>
                        <subviews>
                            <tableView clipsSubviews="YES" contentMode="scaleToFill" fixedFrame="YES" restorationIdentifier="cell" alwaysBounceVertical="YES" dataMode="prototypes" style="plain" separatorStyle="default" rowHeight="-1" estimatedRowHeight="-1" sectionHeaderHeight="28" sectionFooterHeight="28" translatesAutoresizingMaskIntoConstraints="NO" id="bnM-E3-QS9">
                                <rect key="frame" x="16" y="44" width="343" height="665"/>
                                <autoresizingMask key="autoresizingMask" flexibleMaxX="YES" flexibleMaxY="YES"/>
                                <color key="backgroundColor" white="1" alpha="1" colorSpace="custom" customColorSpace="genericGamma22GrayColorSpace"/>
                                <connections>
                                    <outlet property="dataSource" destination="iJg-3o-wYF" id="bII-du-31Y"/>
                                    <outlet property="delegate" destination="iJg-3o-wYF" id="PYR-yV-STs"/>
                                </connections>
                            </tableView>
                        </subviews>
                        <color key="backgroundColor" white="1" alpha="1" colorSpace="custom" customColorSpace="genericGamma22GrayColorSpace"/>
                        <viewLayoutGuide key="safeArea" id="7qo-oz-ZE3"/>
                    </view>
                    <tabBarItem key="tabBarItem" title="Display data" id="kXW-kS-uZ7"/>
                    <connections>
                        <outlet property="myTableView" destination="bnM-E3-QS9" id="Nt5-9e-XFo"/>
                    </connections>
                </viewController>
                <placeholder placeholderIdentifier="IBFirstResponder" id="RLb-IZ-9a4" userLabel="First Responder" sceneMemberID="firstResponder"/>
            </objects>
            <point key="canvasLocation" x="557.60000000000002" y="441.87192118226602"/>
        </scene>
        <!--login-->
        <scene sceneID="nwy-rX-5px">
            <objects>
                <viewController id="FHO-6H-R6R" customClass="ViewController" customModule="databaseharsh" customModuleProvider="target" sceneMemberID="viewController">
                    <view key="view" contentMode="scaleToFill" id="3fL-TX-tgn">
                        <rect key="frame" x="0.0" y="0.0" width="375" height="812"/>
                        <autoresizingMask key="autoresizingMask" widthSizable="YES" heightSizable="YES"/>
                        <subviews>
                            <textField opaque="NO" contentMode="scaleToFill" fixedFrame="YES" contentHorizontalAlignment="left" contentVerticalAlignment="center" borderStyle="roundedRect" textAlignment="natural" minimumFontSize="17" translatesAutoresizingMaskIntoConstraints="NO" id="wxa-YO-Bwl">
                                <rect key="frame" x="16" y="139" width="343" height="30"/>
                                <autoresizingMask key="autoresizingMask" flexibleMaxX="YES" flexibleMaxY="YES"/>
                                <nil key="textColor"/>
                                <fontDescription key="fontDescription" type="system" pointSize="14"/>
                                <textInputTraits key="textInputTraits"/>
                            </textField>
                            <button opaque="NO" contentMode="scaleToFill" fixedFrame="YES" contentHorizontalAlignment="center" contentVerticalAlignment="center" buttonType="roundedRect" lineBreakMode="middleTruncation" translatesAutoresizingMaskIntoConstraints="NO" id="8FB-vS-jp9">
                                <rect key="frame" x="114" y="220" width="147" height="30"/>
                                <autoresizingMask key="autoresizingMask" flexibleMaxX="YES" flexibleMaxY="YES"/>
                                <color key="backgroundColor" white="1" alpha="1" colorSpace="custom" customColorSpace="genericGamma22GrayColorSpace"/>
                                <state key="normal" title="Save Data">
                                    <color key="titleColor" red="0.0" green="0.0" blue="0.0" alpha="1" colorSpace="custom" customColorSpace="sRGB"/>
                                </state>
                                <connections>
                                    <action selector="btnLogin:" destination="FHO-6H-R6R" eventType="touchUpInside" id="Qwh-qH-blm"/>
                                </connections>
                            </button>
                            <textField opaque="NO" contentMode="scaleToFill" fixedFrame="YES" contentHorizontalAlignment="left" contentVerticalAlignment="center" borderStyle="roundedRect" textAlignment="natural" minimumFontSize="17" translatesAutoresizingMaskIntoConstraints="NO" id="Ogk-hL-jvs">
                                <rect key="frame" x="16" y="69" width="343" height="30"/>
                                <autoresizingMask key="autoresizingMask" flexibleMaxX="YES" flexibleMaxY="YES"/>
                                <nil key="textColor"/>
                                <fontDescription key="fontDescription" type="system" pointSize="14"/>
                                <textInputTraits key="textInputTraits"/>
                            </textField>
                        </subviews>
                        <color key="backgroundColor" red="0.8901960784313725" green="0.88235294117647056" blue="0.8901960784313725" alpha="1" colorSpace="custom" customColorSpace="sRGB"/>
                        <viewLayoutGuide key="safeArea" id="qmf-af-1Ih"/>
                    </view>
                    <tabBarItem key="tabBarItem" title="login" id="tjj-cB-jaR"/>
                    <connections>
                        <outlet property="name" destination="Ogk-hL-jvs" id="Gjm-6I-Acu"/>
                        <outlet property="surName" destination="wxa-YO-Bwl" id="APn-sr-6rw"/>
                    </connections>
                </viewController>
                <placeholder placeholderIdentifier="IBFirstResponder" id="rQd-3q-oOs" userLabel="First Responder" sceneMemberID="firstResponder"/>
            </objects>
            <point key="canvasLocation" x="557.60000000000002" y="-223.15270935960592"/>
        </scene>
        <!--Tab Bar Controller-->
        <scene sceneID="UKP-wM-jeE">
            <objects>
                <tabBarController id="hQV-6G-e9B" sceneMemberID="viewController">
                    <tabBar key="tabBar" contentMode="scaleToFill" insetsLayoutMarginsFromSafeArea="NO" id="5aH-aw-fjc">
                        <rect key="frame" x="0.0" y="0.0" width="375" height="49"/>
                        <autoresizingMask key="autoresizingMask"/>
                        <color key="backgroundColor" white="0.0" alpha="0.0" colorSpace="custom" customColorSpace="genericGamma22GrayColorSpace"/>
                    </tabBar>
                    <connections>
                        <segue destination="FHO-6H-R6R" kind="relationship" relationship="viewControllers" id="4S7-RS-RVX"/>
                        <segue destination="iJg-3o-wYF" kind="relationship" relationship="viewControllers" id="WtR-NW-pT7"/>
                    </connections>
                </tabBarController>
                <placeholder placeholderIdentifier="IBFirstResponder" id="z02-SE-n1E" userLabel="First Responder" sceneMemberID="firstResponder"/>
            </objects>
            <point key="canvasLocation" x="-394" y="110"/>
        </scene>
    </scenes>
</document>
